Marko,Markovic,markan,markan123,admin
Jovan,Jovic,jovo,jovo123,kupac
Petar,Peric,pero,pero123,vlasnik
Jovan Jovanovic,Jovanovic,jovo123,jovan123,admin
Qverti,Qvertovic,qwerty,qwerty123,admin
asd,asd,asd,asd123,admin
